Gene,Xobs
YDR123C,0.00867162459809696
YLR053C,0.023626679393775
YGL215W,0.062619515389532
YOL009C,0.0173381004439752
YFL018C,0.246795116193723
YOR280C,0.0318912909411629
YPL239W,0.107442605079412
YDR351W,0.005086124777206
YLR002C,0.175525699073906
YJL055W,0.00372005634439968
YMR008C,0.0256829550890044
YDL205C,0.0106010202772999
YJR076C,0.134821703944101
YMR319C,0.114453722713813
YNL108C,0.825153795450466
YJR090C,0.0331532977512196
YJR027W,0.0127538114100192
YER107C,0.00627045334373037
YCR105W,0.00776006237650475
YGR084C,0.033976087704542
YOR075W,0.161616667303646
YER174C,0.0121768864574034
YLR054C,0.20499551092612
YDL073W,0.457807452026628
YPL172C,0.0332386573081568
YJL056C,0.00608716495391315
YHR006W,0.0564326050338432
YIL119C,0.0452795734291846
YBR225W,0.00600410263685448
YDR458C,0.0119674305474439
YJL087C,0.0834039153547901
YPR102C,0.224885386963168
YGL241W,0.0044503220097347
YIL162W,0.0162357885494134
YDR319C,0.00216445635851418
YPL200W,0.00124194567981918
YGR225W,0.163935081764974
YOR141C,0.0344835976234023
YER184C,0.00479441534325541
YKR087C,0.0117505328248653
YGR138C,0.00565959694134583
YGR062C,0.0113216724725895
YBR275C,0.0212556003183157
YPR045C,0.00787673422730154
YGR056W,0.903915624542406
YLL057C,0.277056747490425
YGL175C,0.198535591533405
YCR024CA,0.0264541596884549
YDR137W,0.0839373110861448
YNL297C,0.0168932701614561
YGR233C,0.0521441623302818
YOR107W,0.00198639815222594
YDR073W,0.0148079909798606
YJL125C,0.00447046123647172
YOR195W,0.0107186037235257
YJR094WA,0.0508926028251096
YDR516C,0.0215155705770931
YHL042W,0.00108757827920855
YNL281W,0.215661311685018
YPR051W,0.00563995752348625
YGL186C,0.0493160446831887
YDR027C,0.00652520448891996
YHR001W,0.0128009480743272
YLR371W,0.0395768347374425
YDR297W,0.0304807257171019
YHR088W,0.227172421413007
YHR172W,0.00649795147837753
YJL012C,0.00938868533594481
YNL250W,1.16247685658006
YGR158C,0.110912803159973
YPR036W,0.189515256377108
YOR339C,0.0925602170332585
YLL014W,0.0235155732607484
YGL212W,0.123466257444432
YAL061W,0.0107740751824971
YIL074C,0.153884230030264
YKR055W,0.0603127608836324
YCL068C,0.222601846650039
YBR146W,0.0754034265631082
YGR080W,0.0113216724725895
YPL108W,0.00613659540187109
YHR197W,0.00250165587306391
YDL224C,0.00166650443800439
YCL033C,0.0302045237349011
YDR257C,0.00456290827005177
YBR034C,0.000932245220516507
YPL207W,0.014931925313715
YNL160W,0.0898508407580408
YMR126C,0.00427984156232485
YGL172W,0.0125396276113406
YDL134C,0.376572462993162
YPR106W,0.0169610766252996
YGR012W,0.00771306685453565
YFR046C,0.000626699523121141
YJL069C,0.510679544275142
YLR143W,0.09235941672991
YPR187W,0.0301023407570246
YKL145W,0.0294703575412628
YOL101C,0.112564692145304
YKR060W,0.0888836709232377
YJR129C,0.134046095353895
YFL024C,0.00200032797126909
YHR074W,0.302517354757728
YNR022C,0.348523896188169
YNL219C,0.00445939865800407
YER139C,0.0151505505531224
YOL123W,0.00789866697059565
YER096W,0.122227054869445
YOR087W,0.206841659153063
YPL216W,0.0121006042478279
YNL206C,0.306307827025822
YFL047W,0.126482323058806
YER019CA,0.00915921022991921
YBR058C,0.0472096007761845
YLR323C,0.00735265427360081
YMR274C,0.0469011745492341
YGR234W,0.723812498521456
YNR070W,0.04904073148693
YBL028C,3.05856238289066
YDL184C,0.00545305004438138
YGL174W,0.00255871129493266
YMR277W,0.571613964689344
YNL053W,0.0587223688856767
YGL221C,0.00361520793119053
YJL189W,0.0059487597041812
YEL003W,0.00455827141801643
YJL108C,0.0354004619688745
YNL242W,0.00276423483790467
YHR005C,0.00227619005081393
YGL078C,0.0323287484160152
YDR307W,0.0954016910294558
YDR167W,0.0866929496277561
YDL222C,0.00273070847443183
YBL086C,0.0125995083092396
YPL222W,0.2005499740701
YDL119C,0.00895309505312223
YKR034W,0.201918856844077
YGR254W,0.0018584025408589
YPR040W,0.0501755375330641
YGL026C,0.0692218713685713
YHR178W,0.00424417750724154
YPL112C,0.00469847544562837
YFR003C,0.0152324680017005
YCR053W,0.111021065359213
YIL124W,0.604362980798507
YDL161W,0.0176897453248177
YGL157W,0.63785793341686
YOL029C,0.00523502831036934
YAR042W,0.0102321670553008
YGL143C,0.0871136186614958
YGL014W,0.00410845248422608
YMR191W,0.00374071861516094
YNL251C,0.311936617542564
YDR390C,0.0744188901341006
YLR406C,0.0825886540453746
YBR270C,0.181372414569762
YOR090C,0.0612458601454456
YMR105C,0.0248748563944962
YBR242W,0.135365356808149
YGL115W,0.0141541378982565
YBR210W,0.0266865213582945
YJR159W,0.0080995357379825
YER134C,0.110484238246488
YBL021C,0.00622134560304973
YLL021W,0.0870300522988443
YLR208W,0.0075994576328123
YKL050C,0.0376623318584775
YPL078C,0.112651751703798
YKR052C,1.6317710215014
YPL074W,0.0195252445202741
YBR080C,0.0297500221422117
YGR134W,0.00454943604280813
YBR191W,3.87067686949112
YNL011C,0.135772215023396
YML126C,0.0967940785273741
YBL093C,0.00262904082100441
YOR258W,0.0267723314505687
YNL059C,0.0581236890314629
YAR068W,0.00126609494909497
YPL234C,0.0192895324479183
YBR233W,0.0111391478917555
YPR200C,0.394985940238798
YKL037W,0.0331532977512196
YDL241W,1.0513600375858
YPL019C,0.0505740896810903
YHR078W,0.052703968364392
YML116W,0.0119725938839031
YBR251W,0.0184475159854004
YLR257W,9.36640322704613
YHL004W,0.00545098033002299
YOR368W,0.00550015585264333
YNL215W,0.088533611576397
YER153C,0.00354222147211749
YHL001W,0.00296292495539763
YOR323C,0.0561915934899914
YDR273W,0.0381417947787396
YLR086W,0.0177250871662863
YOR127W,0.0612458601454456
YLR459W,0.0676577632766904
YDR284C,0.174552486133668
YOL155C,0.21612304323718
YIL158W,0.0274703477958268
YDR246W,0.0154107338636668
YJL004C,0.0428264800320911
YMR226C,0.253971728906036
YGL061C,0.808093731102453
YDR285W,0.0677183299030768
YDL074C,0.107286580082497
YDR178W,0.0265361001568949
YGL238W,1.67463226276592
YDL232W,0.0225660608958343
YBR029C,0.0116153696200776
YGR195W,0.00756603994149712
YNL071W,0.0844956615563786
YER089C,0.251342557923455
YAR066W,0.00126373605720716
YOL056W,0.00398868591930973
YMR291W,0.0483021008997138
YPL132W,0.112651751703798
YBL035C,0.00273866537229736
YHR169W,0.227172421413007
YGR111W,0.138414809679803
YLL042C,0.0141905464329901
YGR229C,0.0225969485368848
YJL201W,0.0231096968573394
YLR324W,0.188450991421387
YDR451C,0.423198264450323
YJL139C,0.0100451139163018
YNL254C,0.088533611576397
YEL044W,0.00694335220406308
YML077W,0.540689428222665
YER143W,0.122227054869445
YLR264W,0.061923167320549
YPR153W,0.080754497671137
YPL077C,0.0145229413467494
YHL028W,0.036926790630066
YNL021W,0.02737005686443
YLR436C,0.145230311603851
YMR067C,0.487836548927241
YPR185W,0.00586705405242509
YBR070C,0.0117227853767854
YDR481C,0.0400746038635309
YJR062C,0.0261281978498658
YPL186C,0.00361022799902504
YDL209C,0.0845038862920954
YNL238W,0.0194398957326494
YGR272C,0.0348257436716908
YKL080W,0.02163057646504
YOR257W,0.0083871065473916
YNR051C,0.0500563257094226
YLR357W,0.0294682808872366
YML061C,0.0345979201762732
YBR135W,0.0286909004686519
YDL231C,0.0323925152534905
YDR143C,0.0121321225903002
YGL092W,0.106225528944249
YCL051W,0.00248478393947123
YGL142C,0.00725639346328903
YMR283C,0.00446150880849176
YPR052C,0.00268925963729294
YOL053W,0.0142543766614541
YBR288C,0.157791208321445
YNR055C,0.150194908222722
YNL249C,0.00481245750349134
YNL264C,1.63026483566024
YIL169C,0.0689027496959495
YNR010W,0.00362926585338363
YCR012W,0.0344034982996372
YLR260W,0.4733779912431
YIL015W,0.0467923317827319
YOR110W,0.00860494797042422
YFR015C,0.00582413570159799
YDL143W,0.0119487870587248
YLR165C,0.035676113136228
YPR183W,0.0114171571141048
YDL112W,0.0284529106599121
YOR244W,0.0158082826758786
YHR016C,0.00249006291704066
YOR373W,0.00732546132387647
YBR028C,0.00264863537971533
YJL171C,0.520574359863074
YKR066C,0.0147730006843364
YGR170W,0.0197518088087602
YHR090C,0.0110111250618569
YLR394W,0.0703158751837669
YIL046W,0.0351660972669581
YMR107W,0.0412383635822694
YMR042W,0.130509503419385
YOL100W,0.0168932701614561
YIL067C,0.089163366327363
YKL161C,0.00744021624008456
YDR385W,0.0119733095518375
YMR006C,0.0705501611207718
YGL104C,0.0254186430233317
YIL010W,0.0363813083992413
YOR173W,0.114859830243371
YBR151W,0.00543898699126857
YBR111C,0.0182709223229717
YHR215W,0.572006651945475
YOR129C,0.161891621356407
YKL221W,0.00577198294264309
YHR054C,0.114880869190072
YGL248W,0.178796416219444
YCR094W,0.0572045647005626
YDR210W,0.0465364363167136
YDR067C,0.00770813768609072
YCL030C,0.0102823452355808
YER068W,0.218880780521545
YDL213C,0.062604026779724
YFL003C,0.00354222147211749
YDR221W,0.0257981471316211
YKR057W,0.00800409001035732
YJR106W,0.0261281978498658
YER049W,0.465688072133136
YPL274W,0.057547858474393
YBR204C,0.0246829729355592
YOL082W,0.0024648229238753
YDR237W,0.00552664434146275
YKR013W,0.0609937414189023
YPR035W,0.483224599537114
YOL039W,0.0500563257094226
YCL010C,0.0248617454752921
YAL011W,0.0163758487808568
YKL222C,0.00673033240087307
YHR045W,0.189628434907999
YLR295C,0.0792267134437638
YBL015W,0.00855150844010596
YGR286C,0.0136411936342472
YEL017W,0.202359270381555
YER113C,0.180019782318056
YHL003C,0.129429127514914
YIR015W,0.117028460688702
YAL067C,0.00546369854527231
YIL031W,0.0666651045260448
YOR334W,0.0389427314844445
YDR122W,0.113873399700329
YNL112W,0.0095773841739579
YDR380W,0.0994253826764494
YLR030W,0.00142869438958515
YMR234W,0.0507890364490852
YDR423C,0.0200700760700398
YHR143WA,0.00673737292419751
YGL137W,0.0113714961803329
YDR138W,0.0173269575888404
YOR242C,0.0194736190218645
YOR174W,0.00609626347757651
YDL120W,0.0151074665901134
YPL249C,0.0635837082824941
YMR068W,0.012987783947274
YNR064C,0.0817674397725421
YAL022C,0.0776951559209637
YPR034W,0.0277416526905185
YER031C,0.00967331631552948
YKL108W,0.311895195520812
YOR284W,0.092379419848322
YOR184W,0.0445822788713492
YPR131C,0.014337290850439
YNL056W,0.00830042474264264
YGR068C,0.022393158584912
YFL010C,0.00564224124414079
YOR194C,0.0493697880922652
YDR348C,0.0149075891913396
YDL103C,0.0854328872096441
YBL009W,0.756801703961467
YGR200C,0.0383804474918297
YOR109W,0.0314162967377041
YJR015W,0.0258075698738749
YCR065W,0.0104288735399338
YIL037C,0.0426118068041833
YBL047C,0.0407328232199687
YIL109C,0.0579534795108223
YNL200C,0.370901649635659
YER115C,0.0316356924038049
YOR142W,0.0341888087033664
YCL047C,0.00895253166780396
YDR232W,0.0465364363167136
YNL047C,0.0159928992015722
YBR286W,0.00492294873672451
YAR033W,0.0588453909146951
YHR159W,0.00347688414528186
YNL295W,0.0150013983024999
YHR160C,0.00347688414528186
YLR265C,0.0197002787435223
YOR071C,0.00279945496812129
YGR193C,0.00392094123378538
YDR436W,0.00690968695498583
YBR115C,0.361093469482719
YLR207W,0.00347669337641648
YJR026W,0.520574359863074
YGL252C,0.175942745786949
YNL084C,0.00874136313111795
YBR025C,8.72925644384299
YMR181C,0.045933529584837
YPR109W,0.0305439291609779
YEL021W,0.0294355465469905
YJL097W,0.00295069814891363
YGL116W,0.00410845248422608
YIR010W,0.0630570466819191
YJR032W,0.202183666819235
YKL122C,0.155256499460252
YBL005WA,0.00515700638832406
YGR149W,0.0490838583725035
YGR279C,0.0229600129477037
YDR448W,0.0101826308078397
YHR101C,0.0439454484637786
YOR382W,0.232078001193975
YGR032W,0.176480109348339
YEL040W,0.0752201423991724
YAR023C,0.241324849682291
YNL119W,0.0774433523101402
YFR026C,0.00778702626993117
YPR164W,0.0121753093951921
YOL080C,0.00884653190193959
YDR438W,0.0170824724190057
YNL248C,0.701653754026016
YDR018C,0.102178201828663
YMR172W,0.00894772182063741
YHR057C,0.016709342561481
YJL167W,0.000936537182293595
YFR031C,0.22874217994404
YML087C,0.0723815401884201
YMR116C,0.00290484597781695
YMR097C,0.00907200973734745
YIL145C,0.00591948126103789
YPR071W,3.88204171284451
YPR018W,0.111924393060399
YPR132W,0.0116291856560469
YGL168W,0.229766234419813
YJR161C,0.00107851301676549
YHR206W,0.00705205717405218
YCL061C,0.0968632078076334
YML120C,0.0732307416147345
YKL210W,0.02163057646504
YOR319W,0.0247615421360318
YGR238C,0.0380498175008848
YDR158W,0.0173269575888404
YGL028C,0.00320276338523564
YPL266W,0.135655723869277
YPR027C,0.810308576613449
YJL151C,0.0350930332282262
YLR350W,0.297601699314084
YDR130C,0.13288991660931
YKL155C,0.202909027340686
YMR188C,0.0310322189712555
YDR119W,0.0507119508922467
YIL120W,0.0300946950946815
YFR053C,0.0659622104580195
YPL147W,0.00481037114720872
YLL004W,0.0934799954832976
YJL010C,0.0694085957732943
YCL045C,0.0523004430647256
YER027C,0.189262568167274
YGR237C,0.760948982216625
YDR105C,0.0265772191724525
YNL298W,0.0844956615563786
YDR427W,0.018212849751954
YCR002C,0.00638029477250866
YGL191W,0.0113714961803329
YMR145C,0.00299208539587925
YJR149W,0.00662944344042047
YKL110C,0.00311780023901384
YER078C,0.163747745967685
YER072W,0.0864982368396438
YPL126W,0.409106954076683
YBR278W,0.00572788378748532
YIR005W,0.119394798776488
YOR011W,0.0131555542466713
YAR028W,0.0268137464653715
YGL171W,0.0328870052581915
YNL152W,0.0852578294349041
YDR392W,0.00294970896221123
YFR009W,0.00585136633451977
YDR523C,0.0479241114964074
YDR071C,0.440207786532216
YKR016W,0.765207535137169
YGL163C,0.461620524104815
YGL001C,0.0541540810463499
YML063W,0.453425013571018
YNL210W,0.271910118567895
YCL054W,0.0102823452355808
YNR024W,0.00371184118334126
YJR010CA,0.0423411458046501
YDR414C,0.00303433687425176
YFL040W,0.0409016667649822
YPL273W,0.00415564269907944
YOR205C,0.226362636379707
YKR007W,0.134046095353895
YKR017C,0.134821703944101
YIR024C,0.00649795147837753
YPL263C,0.00573328882418424
YIL114C,0.108423707529364
YOR039W,0.570019891019165
YLR298C,0.000675768103839344
YBR172C,0.0397715200574147
YDR043C,0.00764440263090703
YLR097C,0.209013290078762
YML049C,0.00102898242067428
YMR144W,0.0435132105528235
YLR306W,0.00990702911990023
YJR085C,0.0015772628299143
YMR125W,0.0345979201762732
YPR156C,0.0635837082824941
YLR335W,4.7612164984627
YEL029C,0.0317192246443883
YJL026W,0.0260265060934704
YJR139C,0.0767560022671089
YLR288C,0.0379236976731142
YML091C,0.00417619947095893
YOR285W,0.00792786438023692
YHR163W,0.223679753779591
YNL025C,0.111830010696754
YBR289W,0.0795310991444479
YOL083W,0.0411162927952985
YKR058W,0.0200882044535525
YCL049C,0.101295103296059
YFL005W,0.0061454035925505
YDL170W,0.00857814203752228
YLR142W,0.0299355487101154
YMR160W,0.00568455402936111
YOL162W,0.0115684609668398
YBR285W,0.0887284923028245
YMR005W,0.0439098125673942
YOL163W,0.0359682519828276
YMR258C,0.031873123002824
YHR055C,0.00568873490944805
YOR256C,0.0294533587032258
YOR303W,0.0737536127960211
YOR096W,0.0369432217987485
YHR043C,0.0168032810440581
YDR031W,0.554831641750319
YML001W,0.0286581372132561
YFR028C,0.166179011527618
YOL059W,0.013945744015752
YBR267W,0.00600410263685448
YNL306W,0.011160773438054
YCR073C,0.00329815732710281
YAR014C,0.0720359667802325
YBL026W,0.00422952384254202
YDL098C,0.033185830457855
YLR107W,0.147508217706625
YIL131C,0.845027258227806
YFL029C,0.212418938229673
YNL316C,0.00263201982172178
YDR282C,0.231034507988958
YJL090C,6.45053431645785
YOL149W,0.0269284602946557
YJL023C,0.132639854210702
YKR069W,0.0331532977512196
YKL165C,0.578950461075001
YLR441C,0.0516877583170647
YLR098C,0.0119083579060735
YGR083C,0.00561393579191162
YHR148W,0.118282099981172
YOL089C,0.000771618072651783
YKR067W,0.0823601509666478
YDR182W,0.0148079909798606
YMR112C,0.0126705002781031
YPL052W,5.29787175630402
YGL136C,0.179867241156838
YDL203C,0.0240675853255273
YDR293C,0.0473413745359893
YOL064C,0.105485038812937
YER127W,0.14614529792893
YPL099C,0.214983097902121
YNL055C,0.00545744121917946
YMR140W,0.0253867611558092
YGL178W,0.011304169980613
YCR023C,0.0357069284595594
YJR019C,0.0452795734291846
YEL039C,0.00781288350554586
YPL084W,0.00312111846317064
YPL161C,3.12851668071651
YLR015W,0.0321228216627854
YHR214CB,1.49771394883606
YKR104W,0.0376623318584775
YLR067C,0.007820701518069
YFL026W,0.0061454035925505
YPL259C,0.0338180603650757
YNL278W,0.00747846770078996
YER169W,0.23525267901226
YLR382C,0.0095191731396702
YKR042W,0.311895195520812
YBL081W,0.0729334533131919
YBL051C,0.00360734747821302
YIR006C,0.0363813083992413
YLR131C,0.120532395272406
YLR224W,0.0443118533963233
YOL041C,0.0563676183794498
YBR177C,0.0057861320189894
YLR305C,0.48314002677943
YBL038W,0.0343891267256745
YOR018W,0.00582348840482167
YIL147C,0.041231951119248
YPR062W,0.00351669087374768
YBR088C,0.0472096007761845
YLL005C,0.00651000257868955
YPL094C,4.57084711267865
YPL086C,0.678043046123013
YOL052C,0.0612440671967112
YAL014C,0.063340940300541
YFR057W,0.0139830311406913
YGR094W,0.0688179713398134
YNL258C,0.148346356371102
YBR024W,0.0445679567189677
YER171W,0.0167756506891161
YHR073W,0.366229238745385
YLR369W,0.0674488868339458
YJR098C,0.00818835921394321
YDR333C,0.0659912452415121
YOR163W,0.0982595145337453
YLR363C,0.0206389364553937
YMR305C,0.130509503419385
YPL267W,0.0159660417670769
YDL004W,0.0153223514690505
YOR265W,0.160174598411808
YIL133C,0.0980911947067044
YBR154C,0.0350202982114243
YLL043W,0.117531675502446
YGR085C,0.0116803864634382
YMR268C,0.00626984498872919
YKL084W,0.0379014191508096
YHL021C,0.0630172064664091
YLR149C,0.0296197880026872
YER173W,0.00550316860589752
YPL109C,0.00255837085988321
YIR037W,0.132892005544256
YHR146W,0.0941625484414182
YHR089C,0.0185511862632431
YDR382W,0.00790852912925715
YOR036W,0.00223493030661358
YGR106C,0.0192514034366914
YLL035W,0.00276692293196232
YEL048C,0.0624922658380258
YDL105W,0.0125089850912551
YNL014W,0.028309775257636
YDR227W,0.0424732530151212
YDR189W,0.0787700439170378
YMR021C,0.0652957613476955
YDR180W,0.00533741421412907
YPL083C,0.026464070081215
YDR312W,0.0199004728818999
YMR252C,0.399590068091772
YER030W,0.0549111004827051
YBR062C,0.0861385971348455
YGL025C,0.46611635428047
YMR312W,1.42170809004554
YJL100W,0.00803113325519105
YNL051W,0.0967940785273741
YER156C,0.0315611322444935
YDL141W,0.0335409377913095
YNL046W,0.0201323204905134
YAL024C,0.0776951559209637
YIL073C,0.00176685058818996
YGL209W,0.0200043074896628
YGL122C,0.00993566021576843
YIL116W,0.0554115664499402
YPL174C,0.0247615421360318
YIR013C,0.14799634721783
YKL128C,0.0387839845089339
YML015C,0.254199593898058
YDL018C,0.261413692651759
YDR465C,0.12626904956062
YHR069C,0.0214344943544584
YDL248W,0.0447523921576543
YDL230W,0.00675897017115889
YKL096W,0.023192722436897
YOL139C,0.063309786828078
YKL022C,0.00849877162505751
YLR072W,0.122170211149527
YPR108W,0.161616667303646
YDR124W,0.0188697273686273
YFL031W,0.0286212427490898
YDR386W,1.09273828540583
YBR090C,0.205773766465317
YGL020C,0.0687420445118646
YER130C,4.50745000090412
YNL253W,0.0170205771425527
YJL105W,0.132639854210702
YBR106W,0.0214550008913494
YMR074C,0.0164837390934986
YNL083W,0.00894772182063741
YPL156C,0.0162127880870306
YER087W,0.115942350563457
YIL090W,2.08098176124676
YOR143C,0.0269284602946557
YLL002W,0.00566194980374111
YHR059W,0.0508722822923032
YIL117C,0.00763510007945758
YIL091C,0.00108757827920855
YMR309C,0.0174378713699155
YPL225W,0.0431639288747132
YLR431C,0.0224802781061303
YER133W,4.50745000090412
YDR500C,0.00930558230377286
YDL179W,4.81303435155192
YDR453C,0.0106101139041069
YPR189W,0.143943709904466
YFL041W,0.363493560232503
YDR484W,0.0104471058507053
YPL188W,0.0133479639199477
YLR134W,0.0682252569913526
YOL018C,0.0100793207500625
YBR008C,0.0167025420783721
YFR013W,1.08657183693227
YOR080W,0.209209374427843
YJR058C,0.704967885402737
YDL051W,0.0753146730356597
YJR050W,0.00977899767480105
YIR009W,0.00271175114615491
YOL003C,0.0139075935085834
YIL130W,0.00881710891827302
YDL075W,0.188711142383648
YOL088C,0.00680576271415561
YOL015W,0.00515794260825245
YDR357C,0.00811791518670102
YLR100W,0.00428772484425962
YMR025W,0.779674970759354
YDL027C,0.00339220493810192
YOR048C,0.341813853494501
YPL024W,0.0150320577428882
YJL101C,0.00578262965546994
YDR404C,0.0381417947787396
YJR009C,0.266409928815455
YGR159C,0.374219794716768
YHR205W,0.01863440245596
YPL262W,0.0498240043448383
YLL060C,0.0080995357379825
YFR014C,0.00255999552921683
YDL236W,0.0240675853255273
YBR125C,0.24504729664752
YGR066C,0.144759793308708
YMR062C,0.061923167320549
YNL039W,0.0146375518384593
YDR377W,0.0145002586249414
YNL136W,0.0120532234453916
YLR031W,0.0331532977512196
YBR002C,0.0446253421199011
YIR026C,0.00324634695665413
YPL107W,0.024697823112861
YOR371C,1.67789864497109
YDR363W,0.00811791518670102
YLL067C,0.0453318493046096
YPR005C,0.0534846518570508
YGR296W,0.266349928888648
YMR266W,0.00321802715657323
YDR266C,0.08691969026938
YJL099W,0.0556981915449303
YLR411W,0.00114215243479099
YER065C,0.150499549239084
YKL046C,0.00247003234155201
YNL331C,0.0222115481850003
YOR095C,0.00963060063911456
YBR141C,0.174841178389381
YPL271W,0.0259038664481862
YIR002C,0.0045668702365677
YLR307W,0.0243108017433295
YPL155C,0.0805059799901927
YMR149W,0.0650138251798585
YMR227C,0.120685477936267
YLR343W,0.00892373408480742
YBL013W,0.00515700638832406
YJR025C,0.0145178025828791
YCL052C,0.111984135862173
YFR041C,0.212418938229673
YER008C,0.0624922658380258
YDL164C,0.00565351467998563
YLR259C,0.0302996036886139
YLL029W,0.00882735267780133
YML066C,0.0182870495532756
YBR196C,0.0397715200574147
YGL139W,0.0320209019702027
YLR455W,0.0787977118489662
YNL193W,0.034841352975165
YLR333C,0.00262515330924472
YGR165W,0.0871136186614958
YDR316W,0.0118169555251219
YNL168C,0.031873123002824
YCR015C,0.00747940275151467
YER032W,0.21918701412046
YOR336W,0.0131365170537267
YDL181W,0.909134446317342
YBR037C,0.0348061125872602
YGL130W,0.0113914272300126
YDR463W,0.0560423305956093
YLR066W,0.0504627878069411
YOR249C,0.00716506795850619
YKL117W,0.138503554073441
YJR079W,0.153884230030264
YIL142W,0.184297268830482
YLR016C,0.00566194980374111
YEL055C,0.00294461968214621
YFL052W,0.218880780521545
YGL097W,0.0895777620962376
YDL086W,0.0698768974025743
YER190W,0.00817104925032795
YOR297C,0.0898508407580408
YKR070W,0.016067457041775
YBR074W,0.151262521354507
YDL115C,0.00154315321988144
YHR199C,0.667610748915805
YGL053W,0.0628089644274778
YDR437W,0.00790852912925715
YGR087C,0.0328838395064269
YGR100W,0.0102607972118887
YCL017C,0.00275280739151043
YDR001C,0.0493170479095512
YNL310C,0.340452584030698
YPL122C,0.0279239940178337
YCR026C,0.0523004430647256
YGR285C,0.0727189637581392
YBR284W,0.0303764538912684
YEL050C,0.0993478532244192
YGR273C,0.0282647085841549
YKL215C,0.10080364538817
YHR182W,0.02196760301767
YNL070W,0.00809384388287767
YCR003W,0.0403849188010405
YKL071W,1.28704379657433
YJR142W,0.0389722586728309
YJR046W,0.00916268679988978
YHR176W,0.63844337907194
YOR305W,0.314329862712881
YLR289W,0.0262905317528081
YLR199C,0.152282152565314
YOR181W,0.00963060063911456
YJR140C,0.089197009548102
YGR204W,0.00651772316474475
YBL041W,0.00622134560304973
YIL099W,0.0696790912169169
YPL199C,0.00582726345247343
YFR031CA,0.00817603162910017
YHR072W,0.138929221890139
YIL021W,0.531896247307361
YOL058W,0.00605289170519773
YKL067W,2.43933158181992
YNR049C,0.00805878217695177
YOR165W,0.0139833564347694
YCL037C,0.00492294873672451
YJL053W,0.00324634695665413
YGR013W,0.00410682541982692
YER020W,0.00179378010628916
YDR490C,0.0192459968588322
YHR064C,0.0288995550619173
YDL247W,0.00677719129544487
YGR232W,0.0992123874905963
YHR031C,0.0663377254186588
YDR534C,0.035487710497436
YGR055W,0.00410845248422608
YKL021C,0.002397049548596
YOL093W,0.0779306650755129
YEL059CA,0.013721095140865
YKR004C,0.00730433621679879
YBL102W,0.00110450333642192
YNR006W,0.447682100335737
YJL059W,0.0049236271013509
YKL043W,0.0807705358258095
YLR467W,0.0547598067444225
YMR209C,0.189825363190232
YKL142W,0.0756675540660282
YMR210W,9.36640322704613
YDR183W,5.57795670926556
YER150W,0.00455827141801643
YML104C,0.275643245260513
YOR103C,0.571613964689344
YNL236W,0.0113729074033651
YOL025W,0.039699921356315
YPR007C,0.0311563398521159
YBL095W,0.0126685959618782
YOR099W,0.00680576271415561
YKL124W,0.0161074496431408
YJR040W,0.00627103018395934
YHL032C,0.189465137068
YLR160C,3.82132504219665
YJL155C,0.00590643895296999
YNL146W,0.00573809460321175
YGR179C,0.0229167498940527
YLR460C,0.00892373408480742
YOR327C,0.0143121782203901
YIL008W,0.075364351204377
YDR506C,0.020157781610041
YOR054C,0.0251506463580228
YFR005C,0.00763302819530107
YDR174W,0.980037649314033
YER004W,0.00795352265500255
YMR152W,0.20499551092612
YLR412W,0.147508217706625
YER091C,0.0705179943221662
YKL026C,0.987082230224199
YOL156W,0.021255716245398
YBR291C,0.0130132265144212
YLR129W,0.0508926028251096
YFR021W,0.00150501904353993
YDR422C,0.909008797005522
YHR014W,0.0881584123899291
YDR147W,0.0589056487430687
YKL187C,0.00483200437268198
YKR089C,0.00246061429053485
YER001W,0.0145325189795059
YHR047C,0.0126160681183332
YPL081W,0.176236927656199
YDL037C,0.0164894701598365
YBR258C,0.0355330759929646
YPR061C,0.00850532517156837
YJL076W,0.00638181598639311
YER033C,0.0186005839100006
YOL136C,0.0157270836872044
YBR296C,0.0113931730789591
YBR159W,0.00180769479350248
YJR013W,0.0748676398230929
YDR042C,15.915842696132
YML075C,0.087329492751223
YFL023W,0.13850474310038
YLR309C,0.00577198294264309
YPL264C,0.0047494245527783
YPR203W,0.0123862628189691
YDR109C,0.0513520553628549
YBR052C,0.0757644053503743
YLR413W,0.132019072083411
YLR188W,0.0542157875500716
YBR085W,0.178318093156218
YNL237W,0.0146375518384593
YOL141W,0.00754919623343824
YDL007W,0.073278990041657
YIL164C,0.0439454484637786
YBL043W,0.0343891267256745
YJR004C,0.0543995902787981
YDR354W,0.0118169555251219
YPL166W,0.0369432217987485
YGR122W,0.0603323297277232
YPL265W,0.0161503259761625
YNL076W,0.0723815401884201
YNL218W,0.00554595797272185
YJR084W,0.0260265060934704
YLR408C,0.0122390829875873
YDR162C,0.0589056487430687
YBL029W,0.00464267628680279
YML127W,0.00402738425884898
YKR051W,0.0535524993331893
YIL088C,0.300275569442335
YOR045W,0.117741645713237
YHR185C,0.033976087704542
YGR065C,0.0103239766194739
YML102W,0.087329492751223
YGL065C,0.0981279625429857
YJL190C,0.0182197469667542
YNL001W,0.00434987521289392
YLR069C,0.00478094754520669
YGR206W,0.00726770457717844
YOR076C,0.0203183035721911
YDR096W,0.00160221410459654
YNL004W,0.188450991421387
YHL027W,0.00153711986018388
YBL098W,0.296115849243245
YOR226C,0.0119309940836825
YER142C,0.150499549239084
YLR027C,0.235639496279041
YJL149W,0.00680881028973554
YDL121C,0.004899182726066
YMR294W,0.014292299881369
YIL027C,0.0518909036765849
YDR054C,0.322279240864971
YKR093W,0.00418952506738729
YDR135C,0.110321158404377
YLR028C,4.97232135641242
YKR102W,0.0231096968573394
YPL066W,0.00716506795850619
YNR018W,0.0205833630554895
YCR104W,0.10009730756604
YPR186C,0.0668401000169686
YPL042C,1.63026483566024
YOR051C,0.0909176026289781
YAL015C,0.063340940300541
YMR060C,0.204502221040079
YCR098C,0.0251435072435486
YOL159C,0.0222115481850003
YHR166C,0.0270194266643565
YAL007C,0.0927168239871451
YPR094W,0.0123918869020899
YKL217W,0.0498253798448911
YPR095C,0.0333817918545371
YOR223W,0.00739374674411033
YBR200W,0.0249882726243467
YGR208W,0.0348800252235244
YGL080W,0.212418938229673
YLR158C,0.238182783165242
YKR044W,0.00787809393778889
YFL022C,0.272484695226734
YPR069C,0.0140837937593602
YGR215W,0.0657532296124753
YAL049C,0.462520236455536
YML062C,1.6317710215014
YLR354C,0.152282152565314
YKL056C,0.00452108716944258
YPL075W,0.0842628280029896
YLR020C,0.0476815788691014
YHL018W,0.176480109348339
YML072C,0.345494296826731
YOR390W,0.27576393030804
YBR237W,0.0719600984147697
YER167W,0.164391472276094
YDR353W,0.00867162459809696
YIL148W,0.0105057734933562
YIL030C,0.0131229162716314
YEL058W,0.0780183273442039
YAL003W,4.07268971775323
YOR022C,0.0170205771425527
YJR131W,0.0743786518962616
YHL029C,0.00519407756049526
YLR271W,0.0200882044535525
YLR378C,0.00673033240087307
YNL172W,0.00858764089885481
YOL098C,0.0129513989147934
YFL057C,0.00587946921715409
YIL016W,0.0229600129477037
YIL110W,0.119930698832756
YLR019W,0.00305607738972513
YPL203W,0.311936617542564
YLR042C,0.148256184884675
YIL038C,0.00740027256058799
YDL212W,0.0854328872096441
YOR246C,0.014420104715152
YKR038C,0.0109976431719525
YDR501W,0.174552486133668
YDR069C,0.12994680676598
YDR362C,0.00334898553181392
YLL001W,0.00546610719491363
YBR164C,0.0182709223229717
YDR541C,0.0328104836206361
YIL146C,0.723812498521456
YDL207W,0.0335409377913095
YNL270C,0.0462375351163445
YKR081C,0.0104880996286845
YJR075W,0.0543995902787981
YLR244C,0.0124172504335097
YKL010C,0.00136598561630695
YOR177C,0.00446150880849176
YDR460W,0.0665266777655112
YMR201C,0.100533737881676
YNL009W,0.0124413493680437
YHR025W,0.00429282784640402
YDR332W,0.289661140471294
YPL228W,0.0425540012440866
YDR511W,0.0284364989454694
YPL079W,0.0867986068879798
YOL006C,0.00389306260450868
YBR198C,0.0414812548542413
YHR122W,0.00771306685453565
YBR168W,0.00580289234882984
YLR164W,0.529710590386859
YBR072W,0.00283850995624735
YER148W,0.0189738844828245
YBR137W,0.0457747183427376
YGL181W,0.129903693451095
YGL134W,0.000645753904500465
YOR017W,0.322755601429436
YLR083C,0.234387265824376
YLR182W,0.00484222842169365
YLR133W,0.00554496119228419
YGL222C,0.0350889070726602
YIL096C,0.00134785447305509
YGR124W,0.00883298614587276
YKL157W,0.987082230224199
YOR308C,0.00473998852734176
YDL178W,0.014279364404528
YKL183W,0.0287974416101226
YJR132W,0.00649795147837753
YDR275W,0.13288991660931
YKR074W,0.0498253798448911
YJL063C,0.00961690596389844
YMR063W,0.0264549315719467
YLL022C,0.138503554073441
YMR129W,0.00371520297020706
YIL062C,0.233870714176363
YGR263C,0.00726770457717844
YOR149C,0.0122902054974947
YML119W,0.00921529132880324
YNL074C,0.0456417510309703
YKL054C,0.0414190246432106
YLL033W,0.510679544275142
YNL134C,0.0323130083026699
YIL115C,0.00410562439071392
YGL201C,0.00425911922741548
YNL223W,0.0120206942582297
YIL003W,0.0270194266643565
YJL038C,0.118282099981172
YOR113W,0.0248748563944962
YLR118C,0.0404421262526162
YML019W,0.144528777144191
YAL048C,0.0191589303012495
YLR125W,0.26309862696914
YNR054C,0.144985407012639
YNL141W,0.0385981713126203
YJR066W,0.0553522019562357
YLR183C,4.66479119397351
YCL036W,0.00358274449344119
YGL208W,0.00585136633451977
YGL032C,0.00763302819530107
YOR158W,0.159098562004763
YGR197C,0.118579912112495
YJL176C,0.052703968364392
YLL012W,0.00303709634138534
YOL075C,0.00318199500591769
YJR145C,0.29986082804537
YDR098C,0.00157729505778337
YLR373C,0.0128142109097238
YPR196W,0.0190312510648963
