Gene,Xobs
YAL003W,4.0726897178
YAL007C,0.092716824
YAL011W,0.0163758488
YAL014C,0.0633409403
YAL015C,0.0633409403
YAL022C,0.0776951559
YAL024C,0.0776951559
YAL048C,0.0191589303
YAL049C,0.4625202365
YAL061W,0.0107740752
YAL067C,0.0054636985
YAR014C,0.0720359668
YAR023C,0.2413248497
YAR028W,0.0268137465
YAR033W,0.0588453909
YAR042W,0.0102321671
YAR066W,0.0012637361
YAR068W,0.0012660949
YBL005WA,0.0051570064
YBL009W,0.756801704
YBL013W,0.0051570064
YBL015W,0.0085515084
YBL021C,0.0062213456
YBL026W,0.0042295238
YBL028C,3.0585623829
YBL029W,0.0046426763
YBL035C,0.0027386654
YBL038W,0.0343891267
YBL041W,0.0062213456
YBL043W,0.0343891267
YBL047C,0.0407328232
YBL051C,0.0036073475
YBL081W,0.0729334533
YBL086C,0.0125995083
YBL093C,0.0026290408
YBL095W,0.012668596
YBL098W,0.2961158492
YBL102W,0.0011045033
YBR002C,0.0446253421
YBR008C,0.0167025421
YBR024W,0.0445679567
YBR025C,8.7292564438
YBR028C,0.0026486354
YBR029C,0.0116153696
YBR034C,0.0009322452
YBR037C,0.0348061126
YBR052C,0.0757644054
YBR058C,0.0472096008
YBR062C,0.0861385971
YBR070C,0.0117227854
YBR072W,0.00283851
YBR074W,0.1512625214
YBR080C,0.0297500221
YBR085W,0.1783180932
YBR088C,0.0472096008
YBR090C,0.2057737665
YBR106W,0.0214550009
YBR111C,0.0182709223
YBR115C,0.3610934695
YBR125C,0.2450472966
YBR135W,0.0286909005
YBR137W,0.0457747183
YBR141C,0.1748411784
YBR146W,0.0754034266
YBR151W,0.005438987
YBR154C,0.0350202982
YBR159W,0.0018076948
YBR164C,0.0182709223
YBR168W,0.0058028923
YBR172C,0.0397715201
YBR177C,0.005786132
YBR191W,3.8706768695
YBR196C,0.0397715201
YBR198C,0.0414812549
YBR200W,0.0249882726
YBR204C,0.0246829729
YBR210W,0.0266865214
YBR225W,0.0060041026
YBR233W,0.0111391479
YBR237W,0.0719600984
YBR242W,0.1353653568
YBR251W,0.018447516
YBR258C,0.035533076
YBR267W,0.0060041026
YBR270C,0.1813724146
YBR275C,0.0212556003
YBR278W,0.0057278838
YBR284W,0.0303764539
YBR285W,0.0887284923
YBR286W,0.0049229487
YBR288C,0.1577912083
YBR289W,0.0795310991
YBR291C,0.0130132265
YBR296C,0.0113931731
YCL010C,0.0248617455
YCL017C,0.0027528074
YCL030C,0.0102823452
YCL033C,0.0302045237
YCL036W,0.0035827445
YCL037C,0.0049229487
YCL045C,0.0523004431
YCL047C,0.0089525317
YCL049C,0.1012951033
YCL051W,0.0024847839
YCL052C,0.1119841359
YCL054W,0.0102823452
YCL061C,0.0968632078
YCL068C,0.2226018467
YCR002C,0.0063802948
YCR003W,0.0403849188
YCR012W,0.0344034983
YCR015C,0.0074794028
YCR023C,0.0357069285
YCR024CA,0.0264541597
YCR026C,0.0523004431
YCR053W,0.1110210654
YCR065W,0.0104288735
YCR073C,0.0032981573
YCR094W,0.0572045647
YCR098C,0.0251435072
YCR104W,0.1000973076
YCR105W,0.0077600624
YDL004W,0.0153223515
YDL007W,0.07327899
YDL018C,0.2614136927
YDL027C,0.0033922049
YDL037C,0.0164894702
YDL051W,0.075314673
YDL073W,0.457807452
YDL074C,0.1072865801
YDL075W,0.1887111424
YDL086W,0.0698768974
YDL098C,0.0331858305
YDL103C,0.0854328872
YDL105W,0.0125089851
YDL112W,0.0284529107
YDL115C,0.0015431532
YDL119C,0.0089530951
YDL120W,0.0151074666
YDL121C,0.0048991827
YDL134C,0.376572463
YDL141W,0.0335409378
YDL143W,0.0119487871
YDL161W,0.0176897453
YDL164C,0.0056535147
YDL170W,0.008578142
YDL178W,0.0142793644
YDL179W,4.8130343516
YDL181W,0.9091344463
YDL184C,0.00545305
YDL203C,0.0240675853
YDL205C,0.0106010203
YDL207W,0.0335409378
YDL209C,0.0845038863
YDL212W,0.0854328872
YDL213C,0.0626040268
YDL222C,0.0027307085
YDL224C,0.0016665044
YDL230W,0.0067589702
YDL231C,0.0323925153
YDL232W,0.0225660609
YDL236W,0.0240675853
YDL241W,1.0513600376
YDL247W,0.0067771913
YDL248W,0.0447523922
YDR001C,0.0493170479
YDR018C,0.1021782018
YDR027C,0.0065252045
YDR031W,0.5548316418
YDR042C,15.9158426961
YDR043C,0.0076444026
YDR054C,0.3222792409
YDR067C,0.0077081377
YDR069C,0.1299468068
YDR071C,0.4402077865
YDR073W,0.014807991
YDR096W,0.0016022141
YDR098C,0.0015772951
YDR105C,0.0265772192
YDR109C,0.0513520554
YDR119W,0.0507119509
YDR122W,0.1138733997
YDR123C,0.0086716246
YDR124W,0.0188697274
YDR130C,0.1328899166
YDR135C,0.1103211584
YDR137W,0.0839373111
YDR138W,0.0173269576
YDR143C,0.0121321226
YDR147W,0.0589056487
YDR158W,0.0173269576
YDR162C,0.0589056487
YDR167W,0.0866929496
YDR174W,0.9800376493
YDR178W,0.0265361002
YDR180W,0.0053374142
YDR182W,0.014807991
YDR183W,5.5779567093
YDR189W,0.0787700439
YDR210W,0.0465364363
YDR221W,0.0257981471
YDR227W,0.042473253
YDR232W,0.0465364363
YDR237W,0.0055266443
YDR246W,0.0154107339
YDR257C,0.0045629083
YDR266C,0.0869196903
YDR273W,0.0381417948
YDR275W,0.1328899166
YDR282C,0.231034508
YDR284C,0.1745524861
YDR285W,0.0677183299
YDR293C,0.0473413745
YDR297W,0.0304807257
YDR307W,0.095401691
YDR312W,0.0199004729
YDR316W,0.0118169555
YDR319C,0.0021644564
YDR332W,0.2896611405
YDR333C,0.0659912452
YDR348C,0.0149075892
YDR351W,0.0050861248
YDR353W,0.0086716246
YDR354W,0.0118169555
YDR357C,0.0081179152
YDR362C,0.0033489855
YDR363W,0.0081179152
YDR377W,0.0145002586
YDR380W,0.0994253827
YDR382W,0.0079085291
YDR385W,0.0119733096
YDR386W,1.0927382854
YDR390C,0.0744188901
YDR392W,0.002949709
YDR404C,0.0381417948
YDR414C,0.0030343369
YDR422C,0.909008797
YDR423C,0.0200700761
YDR427W,0.0182128498
YDR436W,0.006909687
YDR437W,0.0079085291
YDR438W,0.0170824724
YDR448W,0.0101826308
YDR451C,0.4231982645
YDR453C,0.0106101139
YDR458C,0.0119674305
YDR460W,0.0665266778
YDR463W,0.0560423306
YDR465C,0.1262690496
YDR481C,0.0400746039
YDR484W,0.0104471059
YDR490C,0.0192459969
YDR500C,0.0093055823
YDR501W,0.1745524861
YDR506C,0.0201577816
YDR511W,0.0284364989
YDR516C,0.0215155706
YDR523C,0.0479241115
YDR534C,0.0354877105
YDR541C,0.0328104836
YEL003W,0.0045582714
YEL017W,0.2023592704
YEL021W,0.0294355465
YEL029C,0.0317192246
YEL039C,0.0078128835
YEL040W,0.0752201424
YEL044W,0.0069433522
YEL048C,0.0624922658
YEL050C,0.0993478532
YEL055C,0.0029446197
YEL058W,0.0780183273
YEL059CA,0.0137210951
YER001W,0.014532519
YER004W,0.0079535227
YER008C,0.0624922658
YER019CA,0.0091592102
YER020W,0.0017937801
YER027C,0.1892625682
YER030W,0.0549111005
YER031C,0.0096733163
YER032W,0.2191870141
YER033C,0.0186005839
YER049W,0.4656880721
YER065C,0.1504995492
YER068W,0.2188807805
YER072W,0.0864982368
YER078C,0.163747746
YER087W,0.1159423506
YER089C,0.2513425579
YER091C,0.0705179943
YER096W,0.1222270549
YER107C,0.0062704533
YER113C,0.1800197823
YER115C,0.0316356924
YER127W,0.1461452979
YER130C,4.5074500009
YER133W,4.5074500009
YER134C,0.1104842382
YER139C,0.0151505506
YER142C,0.1504995492
YER143W,0.1222270549
YER148W,0.0189738845
YER150W,0.0045582714
YER153C,0.0035422215
YER156C,0.0315611322
YER167W,0.1643914723
YER169W,0.235252679
YER171W,0.0167756507
YER173W,0.0055031686
YER174C,0.0121768865
YER184C,0.0047944153
YER190W,0.0081710493
YFL003C,0.0035422215
YFL005W,0.0061454036
YFL010C,0.0056422412
YFL018C,0.2467951162
YFL022C,0.2724846952
YFL023W,0.1385047431
YFL024C,0.002000328
YFL026W,0.0061454036
YFL029C,0.2124189382
YFL031W,0.0286212427
YFL040W,0.0409016668
YFL041W,0.3634935602
YFL047W,0.1264823231
YFL052W,0.2188807805
YFL057C,0.0058794692
YFR003C,0.015232468
YFR005C,0.0076330282
YFR009W,0.0058513663
YFR013W,1.0865718369
YFR014C,0.0025599955
YFR015C,0.0058241357
YFR021W,0.001505019
YFR026C,0.0077870263
YFR028C,0.1661790115
YFR031C,0.2287421799
YFR031CA,0.0081760316
YFR041C,0.2124189382
YFR046C,0.0006266995
YFR053C,0.0659622105
YFR057W,0.0139830311
YGL001C,0.054154081
YGL014W,0.0041084525
YGL020C,0.0687420445
YGL025C,0.4661163543
YGL026C,0.0692218714
YGL028C,0.0032027634
YGL032C,0.0076330282
YGL053W,0.0628089644
YGL061C,0.8080937311
YGL065C,0.0981279625
YGL078C,0.0323287484
YGL080W,0.2124189382
YGL092W,0.1062255289
YGL097W,0.0895777621
YGL104C,0.025418643
YGL115W,0.0141541379
YGL116W,0.0041084525
YGL122C,0.0099356602
YGL130W,0.0113914272
YGL134W,0.0006457539
YGL136C,0.1798672412
YGL137W,0.0113714962
YGL139W,0.032020902
YGL142C,0.0072563935
YGL143C,0.0871136187
YGL157W,0.6378579334
YGL163C,0.4616205241
YGL168W,0.2297662344
YGL171W,0.0328870053
YGL172W,0.0125396276
YGL174W,0.0025587113
YGL175C,0.1985355915
YGL178W,0.01130417
YGL181W,0.1299036935
YGL186C,0.0493160447
YGL191W,0.0113714962
YGL201C,0.0042591192
YGL208W,0.0058513663
YGL209W,0.0200043075
YGL212W,0.1234662574
YGL215W,0.0626195154
YGL221C,0.0036152079
YGL222C,0.0350889071
YGL238W,1.6746322628
YGL241W,0.004450322
YGL248W,0.1787964162
YGL252C,0.1759427458
YGR012W,0.0077130669
YGR013W,0.0041068254
YGR032W,0.1764801093
YGR055W,0.0041084525
YGR056W,0.9039156245
YGR062C,0.0113216725
YGR065C,0.0103239766
YGR066C,0.1447597933
YGR068C,0.0223931586
YGR080W,0.0113216725
YGR083C,0.0056139358
YGR084C,0.0339760877
YGR085C,0.0116803865
YGR087C,0.0328838395
YGR094W,0.0688179713
YGR100W,0.0102607972
YGR106C,0.0192514034
YGR111W,0.1384148097
YGR122W,0.0603323297
YGR124W,0.0088329861
YGR134W,0.004549436
YGR138C,0.0056595969
YGR149W,0.0490838584
YGR158C,0.1109128032
YGR159C,0.3742197947
YGR165W,0.0871136187
YGR170W,0.0197518088
YGR179C,0.0229167499
YGR193C,0.0039209412
YGR195W,0.0075660399
YGR197C,0.1185799121
YGR200C,0.0383804475
YGR204W,0.0065177232
YGR206W,0.0072677046
YGR208W,0.0348800252
YGR215W,0.0657532296
YGR225W,0.1639350818
YGR229C,0.0225969485
YGR232W,0.0992123875
YGR233C,0.0521441623
YGR234W,0.7238124985
YGR237C,0.7609489822
YGR238C,0.0380498175
YGR254W,0.0018584025
YGR263C,0.0072677046
YGR272C,0.0348257437
YGR273C,0.0282647086
YGR279C,0.0229600129
YGR285C,0.0727189638
YGR286C,0.0136411936
YGR296W,0.2663499289
YHL001W,0.002962925
YHL003C,0.1294291275
YHL004W,0.0054509803
YHL018W,0.1764801093
YHL021C,0.0630172065
YHL027W,0.0015371199
YHL028W,0.0369267906
YHL029C,0.0051940776
YHL032C,0.1894651371
YHL042W,0.0010875783
YHR001W,0.0128009481
YHR005C,0.0022761901
YHR006W,0.056432605
YHR014W,0.0881584124
YHR016C,0.0024900629
YHR025W,0.0042928278
YHR031C,0.0663377254
YHR043C,0.016803281
YHR045W,0.1896284349
YHR047C,0.0126160681
YHR054C,0.1148808692
YHR055C,0.0056887349
YHR057C,0.0167093426
YHR059W,0.0508722823
YHR064C,0.0288995551
YHR069C,0.0214344944
YHR072W,0.1389292219
YHR073W,0.3662292387
YHR074W,0.3025173548
YHR078W,0.0527039684
YHR088W,0.2271724214
YHR089C,0.0185511863
YHR090C,0.0110111251
YHR101C,0.0439454485
YHR122W,0.0077130669
YHR143WA,0.0067373729
YHR146W,0.0941625484
YHR148W,0.1182821
YHR159W,0.0034768841
YHR160C,0.0034768841
YHR163W,0.2236797538
YHR166C,0.0270194267
YHR169W,0.2271724214
YHR172W,0.0064979515
YHR176W,0.6384433791
YHR178W,0.0042441775
YHR182W,0.021967603
YHR185C,0.0339760877
YHR197W,0.0025016559
YHR199C,0.6676107489
YHR205W,0.0186344025
YHR206W,0.0070520572
YHR214CB,1.4977139488
YHR215W,0.5720066519
YIL003W,0.0270194267
YIL008W,0.0753643512
YIL010W,0.0363813084
YIL015W,0.0467923318
YIL016W,0.0229600129
YIL021W,0.5318962473
YIL027C,0.0518909037
YIL030C,0.0131229163
YIL031W,0.0666651045
YIL037C,0.0426118068
YIL038C,0.0074002726
YIL046W,0.0351660973
YIL062C,0.2338707142
YIL067C,0.0891633663
YIL073C,0.0017668506
YIL074C,0.15388423
YIL088C,0.3002755694
YIL090W,2.0809817612
YIL091C,0.0010875783
YIL096C,0.0013478545
YIL099W,0.0696790912
YIL109C,0.0579534795
YIL110W,0.1199306988
YIL114C,0.1084237075
YIL115C,0.0041056244
YIL116W,0.0554115664
YIL117C,0.0076351001
YIL119C,0.0452795734
YIL120W,0.0300946951
YIL124W,0.6043629808
YIL130W,0.0088171089
YIL131C,0.8450272582
YIL133C,0.0980911947
YIL142W,0.1842972688
YIL145C,0.0059194813
YIL146C,0.7238124985
YIL147C,0.0412319511
YIL148W,0.0105057735
YIL158W,0.0274703478
YIL162W,0.0162357885
YIL164C,0.0439454485
YIL169C,0.0689027497
YIR002C,0.0045668702
YIR005W,0.1193947988
YIR006C,0.0363813084
YIR009W,0.0027117511
YIR010W,0.0630570467
YIR013C,0.1479963472
YIR015W,0.1170284607
YIR024C,0.0064979515
YIR026C,0.003246347
YIR037W,0.1328920055
YJL004C,0.04282648
YJL010C,0.0694085958
YJL012C,0.0093886853
YJL023C,0.1326398542
YJL026W,0.0260265061
YJL038C,0.1182821
YJL053W,0.003246347
YJL055W,0.0037200563
YJL056C,0.006087165
YJL059W,0.0049236271
YJL063C,0.009616906
YJL069C,0.5106795443
YJL076W,0.006381816
YJL087C,0.0834039154
YJL090C,6.4505343165
YJL097W,0.0029506981
YJL099W,0.0556981915
YJL100W,0.0080311333
YJL101C,0.0057826297
YJL105W,0.1326398542
YJL108C,0.035400462
YJL125C,0.0044704612
YJL139C,0.0100451139
YJL149W,0.0068088103
YJL151C,0.0350930332
YJL155C,0.005906439
YJL167W,0.0009365372
YJL171C,0.5205743599
YJL176C,0.0527039684
YJL189W,0.0059487597
YJL190C,0.018219747
YJL201W,0.0231096969
YJR004C,0.0543995903
YJR009C,0.2664099288
YJR010CA,0.0423411458
YJR013W,0.0748676398
YJR015W,0.0258075699
YJR019C,0.0452795734
YJR025C,0.0145178026
YJR026W,0.5205743599
YJR027W,0.0127538114
YJR032W,0.2021836668
YJR040W,0.0062710302
YJR046W,0.0091626868
YJR050W,0.0097789977
YJR058C,0.7049678854
YJR062C,0.0261281978
YJR066W,0.055352202
YJR075W,0.0543995903
YJR076C,0.1348217039
YJR079W,0.15388423
YJR084W,0.0260265061
YJR085C,0.0015772628
YJR090C,0.0331532978
YJR094WA,0.0508926028
YJR098C,0.0081883592
YJR106W,0.0261281978
YJR129C,0.1340460954
YJR131W,0.0743786519
YJR132W,0.0064979515
YJR139C,0.0767560023
YJR140C,0.0891970095
YJR142W,0.0389722587
YJR145C,0.299860828
YJR149W,0.0066294434
YJR159W,0.0080995357
YJR161C,0.001078513
YKL010C,0.0013659856
YKL021C,0.0023970495
YKL022C,0.0084987716
YKL026C,0.9870822302
YKL037W,0.0331532978
YKL043W,0.0807705358
YKL046C,0.0024700323
YKL050C,0.0376623319
YKL054C,0.0414190246
YKL056C,0.0045210872
YKL067W,2.4393315818
YKL071W,1.2870437966
YKL080W,0.0216305765
YKL084W,0.0379014192
YKL096W,0.0231927224
YKL108W,0.3118951955
YKL110C,0.0031178002
YKL117W,0.1385035541
YKL122C,0.1552564995
YKL124W,0.0161074496
YKL128C,0.0387839845
YKL142W,0.0756675541
YKL145W,0.0294703575
YKL155C,0.2029090273
YKL157W,0.9870822302
YKL161C,0.0074402162
YKL165C,0.5789504611
YKL183W,0.0287974416
YKL187C,0.0048320044
YKL210W,0.0216305765
YKL215C,0.1008036454
YKL217W,0.0498253798
YKL221W,0.0057719829
YKL222C,0.0067303324
YKR004C,0.0073043362
YKR007W,0.1340460954
YKR013W,0.0609937414
YKR016W,0.7652075351
YKR017C,0.1348217039
YKR034W,0.2019188568
YKR038C,0.0109976432
YKR042W,0.3118951955
YKR044W,0.0078780939
YKR051W,0.0535524993
YKR052C,1.6317710215
YKR055W,0.0603127609
YKR057W,0.00800409
YKR058W,0.0200882045
YKR060W,0.0888836709
YKR066C,0.0147730007
YKR067W,0.082360151
YKR069W,0.0331532978
YKR070W,0.016067457
YKR074W,0.0498253798
YKR081C,0.0104880996
YKR087C,0.0117505328
YKR089C,0.0024606143
YKR093W,0.0041895251
YKR102W,0.0231096969
YKR104W,0.0376623319
YLL001W,0.0054661072
YLL002W,0.0056619498
YLL004W,0.0934799955
YLL005C,0.0065100026
YLL012W,0.0030370963
YLL014W,0.0235155733
YLL021W,0.0870300523
YLL022C,0.1385035541
YLL029W,0.0088273527
YLL033W,0.5106795443
YLL035W,0.0027669229
YLL042C,0.0141905464
YLL043W,0.1175316755
YLL057C,0.2770567475
YLL060C,0.0080995357
YLL067C,0.0453318493
YLR002C,0.1755256991
YLR015W,0.0321228217
YLR016C,0.0056619498
YLR019W,0.0030560774
YLR020C,0.0476815789
YLR027C,0.2356394963
YLR028C,4.9723213564
YLR030W,0.0014286944
YLR031W,0.0331532978
YLR042C,0.1482561849
YLR053C,0.0236266794
YLR054C,0.2049955109
YLR066W,0.0504627878
YLR067C,0.0078207015
YLR069C,0.0047809475
YLR072W,0.1221702111
YLR083C,0.2343872658
YLR086W,0.0177250872
YLR097C,0.2090132901
YLR098C,0.0119083579
YLR100W,0.0042877248
YLR107W,0.1475082177
YLR118C,0.0404421263
YLR125W,0.263098627
YLR129W,0.0508926028
YLR131C,0.1205323953
YLR133W,0.0055449612
YLR134W,0.068225257
YLR142W,0.0299355487
YLR143W,0.0923594167
YLR149C,0.029619788
YLR158C,0.2381827832
YLR160C,3.8213250422
YLR164W,0.5297105904
YLR165C,0.0356761131
YLR182W,0.0048422284
YLR183C,4.664791194
YLR188W,0.0542157876
YLR199C,0.1522821526
YLR207W,0.0034766934
YLR208W,0.0075994576
YLR224W,0.0443118534
YLR244C,0.0124172504
YLR257W,9.366403227
YLR259C,0.0302996037
YLR260W,0.4733779912
YLR264W,0.0619231673
YLR265C,0.0197002787
YLR271W,0.0200882045
YLR288C,0.0379236977
YLR289W,0.0262905318
YLR295C,0.0792267134
YLR298C,0.0006757681
YLR305C,0.4831400268
YLR306W,0.0099070291
YLR307W,0.0243108017
YLR309C,0.0057719829
YLR323C,0.0073526543
YLR324W,0.1884509914
YLR333C,0.0026251533
YLR335W,4.7612164985
YLR343W,0.0089237341
YLR350W,0.2976016993
YLR354C,0.1522821526
YLR357W,0.0294682809
YLR363C,0.0206389365
YLR369W,0.0674488868
YLR371W,0.0395768347
YLR373C,0.0128142109
YLR378C,0.0067303324
YLR382C,0.0095191731
YLR394W,0.0703158752
YLR406C,0.082588654
YLR408C,0.012239083
YLR411W,0.0011421524
YLR412W,0.1475082177
YLR413W,0.1320190721
YLR431C,0.0224802781
YLR436C,0.1452303116
YLR441C,0.0516877583
YLR455W,0.0787977118
YLR459W,0.0676577633
YLR460C,0.0089237341
YLR467W,0.0547598067
YML001W,0.0286581372
YML015C,0.2541995939
YML019W,0.1445287771
YML049C,0.0010289824
YML061C,0.0345979202
YML062C,1.6317710215
YML063W,0.4534250136
YML066C,0.0182870496
YML072C,0.3454942968
YML075C,0.0873294928
YML077W,0.5406894282
YML087C,0.0723815402
YML091C,0.0041761995
YML102W,0.0873294928
YML104C,0.2756432453
YML116W,0.0119725939
YML119W,0.0092152913
YML120C,0.0732307416
YML126C,0.0967940785
YML127W,0.0040273843
YMR005W,0.0439098126
YMR006C,0.0705501611
YMR008C,0.0256829551
YMR021C,0.0652957613
YMR025W,0.7796749708
YMR042W,0.1305095034
YMR060C,0.204502221
YMR062C,0.0619231673
YMR063W,0.0264549316
YMR067C,0.4878365489
YMR068W,0.0129877839
YMR074C,0.0164837391
YMR097C,0.0090720097
YMR105C,0.0248748564
YMR107W,0.0412383636
YMR112C,0.0126705003
YMR116C,0.002904846
YMR125W,0.0345979202
YMR126C,0.0042798416
YMR129W,0.003715203
YMR140W,0.0253867612
YMR144W,0.0435132106
YMR145C,0.0029920854
YMR149W,0.0650138252
YMR152W,0.2049955109
YMR160W,0.005684554
YMR172W,0.0089477218
YMR181C,0.0459335296
YMR188C,0.031032219
YMR191W,0.0037407186
YMR201C,0.1005337379
YMR209C,0.1898253632
YMR210W,9.366403227
YMR226C,0.2539717289
YMR227C,0.1206854779
YMR234W,0.0507890364
YMR252C,0.3995900681
YMR258C,0.031873123
YMR266W,0.0032180272
YMR268C,0.006269845
YMR274C,0.0469011745
YMR277W,0.5716139647
YMR283C,0.0044615088
YMR291W,0.0483021009
YMR294W,0.0142922999
YMR305C,0.1305095034
YMR309C,0.0174378714
YMR312W,1.42170809
YMR319C,0.1144537227
YNL001W,0.0043498752
YNL004W,0.1884509914
YNL009W,0.0124413494
YNL011C,0.135772215
YNL014W,0.0283097753
YNL021W,0.0273700569
YNL025C,0.1118300107
YNL039W,0.0146375518
YNL046W,0.0201323205
YNL047C,0.0159928992
YNL051W,0.0967940785
YNL053W,0.0587223689
YNL055C,0.0054574412
YNL056W,0.0083004247
YNL059C,0.058123689
YNL070W,0.0080938439
YNL071W,0.0844956616
YNL074C,0.045641751
YNL076W,0.0723815402
YNL083W,0.0089477218
YNL084C,0.0087413631
YNL108C,0.8251537955
YNL112W,0.0095773842
YNL119W,0.0774433523
YNL134C,0.0323130083
YNL136W,0.0120532234
YNL141W,0.0385981713
YNL146W,0.0057380946
YNL152W,0.0852578294
YNL160W,0.0898508408
YNL168C,0.031873123
YNL172W,0.0085876409
YNL193W,0.034841353
YNL200C,0.3709016496
YNL206C,0.306307827
YNL210W,0.2719101186
YNL215W,0.0885336116
YNL218W,0.005545958
YNL219C,0.0044593987
YNL223W,0.0120206943
YNL236W,0.0113729074
YNL237W,0.0146375518
YNL238W,0.0194398957
YNL242W,0.0027642348
YNL248C,0.701653754
YNL249C,0.0048124575
YNL250W,1.1624768566
YNL251C,0.3119366175
YNL253W,0.0170205771
YNL254C,0.0885336116
YNL258C,0.1483463564
YNL264C,1.6302648357
YNL270C,0.0462375351
YNL278W,0.0074784677
YNL281W,0.2156613117
YNL295W,0.0150013983
YNL297C,0.0168932702
YNL298W,0.0844956616
YNL306W,0.0111607734
YNL310C,0.340452584
YNL316C,0.0026320198
YNL331C,0.0222115482
YNR006W,0.4476821003
YNR010W,0.0036292659
YNR018W,0.0205833631
YNR022C,0.3485238962
YNR024W,0.0037118412
YNR049C,0.0080587822
YNR051C,0.0500563257
YNR054C,0.144985407
YNR055C,0.1501949082
YNR064C,0.0817674398
YNR070W,0.0490407315
YOL003C,0.0139075935
YOL006C,0.0038930626
YOL009C,0.0173381004
YOL015W,0.0051579426
YOL018C,0.0100793208
YOL025W,0.0396999214
YOL029C,0.0052350283
YOL039W,0.0500563257
YOL041C,0.0563676184
YOL052C,0.0612440672
YOL053W,0.0142543767
YOL056W,0.0039886859
YOL058W,0.0060528917
YOL059W,0.013945744
YOL064C,0.1054850388
YOL075C,0.003181995
YOL080C,0.0088465319
YOL082W,0.0024648229
YOL083W,0.0411162928
YOL088C,0.0068057627
YOL089C,0.0007716181
YOL093W,0.0779306651
YOL098C,0.0129513989
YOL100W,0.0168932702
YOL101C,0.1125646921
YOL123W,0.007898667
YOL136C,0.0157270837
YOL139C,0.0633097868
YOL141W,0.0075491962
YOL149W,0.0269284603
YOL155C,0.2161230432
YOL156W,0.0212557162
YOL159C,0.0222115482
YOL162W,0.011568461
YOL163W,0.035968252
YOR011W,0.0131555542
YOR017W,0.3227556014
YOR018W,0.0058234884
YOR022C,0.0170205771
YOR036W,0.0022349303
YOR039W,0.570019891
YOR045W,0.1177416457
YOR048C,0.3418138535
YOR051C,0.0909176026
YOR054C,0.0251506464
YOR071C,0.002799455
YOR075W,0.1616166673
YOR076C,0.0203183036
YOR080W,0.2092093744
YOR087W,0.2068416592
YOR090C,0.0612458601
YOR095C,0.0096306006
YOR096W,0.0369432218
YOR099W,0.0068057627
YOR103C,0.5716139647
YOR107W,0.0019863982
YOR109W,0.0314162967
YOR110W,0.008604948
YOR113W,0.0248748564
YOR127W,0.0612458601
YOR129C,0.1618916214
YOR141C,0.0344835976
YOR142W,0.0341888087
YOR143C,0.0269284603
YOR149C,0.0122902055
YOR158W,0.159098562
YOR163W,0.0982595145
YOR165W,0.0139833564
YOR173W,0.1148598302
YOR174W,0.0060962635
YOR177C,0.0044615088
YOR181W,0.0096306006
YOR184W,0.0445822789
YOR194C,0.0493697881
YOR195W,0.0107186037
YOR205C,0.2263626364
YOR223W,0.0073937467
YOR226C,0.0119309941
YOR242C,0.019473619
YOR244W,0.0158082827
YOR246C,0.0144201047
YOR249C,0.007165068
YOR256C,0.0294533587
YOR257W,0.0083871065
YOR258W,0.0267723315
YOR265W,0.1601745984
YOR280C,0.0318912909
YOR284W,0.0923794198
YOR285W,0.0079278644
YOR297C,0.0898508408
YOR303W,0.0737536128
YOR305W,0.3143298627
YOR308C,0.0047399885
YOR319W,0.0247615421
YOR323C,0.0561915935
YOR327C,0.0143121782
YOR334W,0.0389427315
YOR336W,0.0131365171
YOR339C,0.092560217
YOR368W,0.0055001559
YOR371C,1.677898645
YOR373W,0.0073254613
YOR382W,0.2320780012
YOR390W,0.2757639303
YPL019C,0.0505740897
YPL024W,0.0150320577
YPL042C,1.6302648357
YPL052W,5.2978717563
YPL066W,0.007165068
YPL074W,0.0195252445
YPL075W,0.084262828
YPL077C,0.0145229413
YPL078C,0.1126517517
YPL079W,0.0867986069
YPL081W,0.1762369277
YPL083C,0.0264640701
YPL084W,0.0031211185
YPL086C,0.6780430461
YPL094C,4.5708471127
YPL099C,0.2149830979
YPL107W,0.0246978231
YPL108W,0.0061365954
YPL109C,0.0025583709
YPL112C,0.0046984754
YPL122C,0.027923994
YPL126W,0.4091069541
YPL132W,0.1126517517
YPL147W,0.0048103711
YPL155C,0.08050598
YPL156C,0.0162127881
YPL161C,3.1285166807
YPL166W,0.0369432218
YPL172C,0.0332386573
YPL174C,0.0247615421
YPL186C,0.003610228
YPL188W,0.0133479639
YPL199C,0.0058272635
YPL200W,0.0012419457
YPL203W,0.3119366175
YPL207W,0.0149319253
YPL216W,0.0121006042
YPL222W,0.2005499741
YPL225W,0.0431639289
YPL228W,0.0425540012
YPL234C,0.0192895324
YPL239W,0.1074426051
YPL249C,0.0635837083
YPL259C,0.0338180604
YPL262W,0.0498240043
YPL263C,0.0057332888
YPL264C,0.0047494246
YPL265W,0.016150326
YPL266W,0.1356557239
YPL267W,0.0159660418
YPL271W,0.0259038664
YPL273W,0.0041556427
YPL274W,0.0575478585
YPR005C,0.0534846519
YPR007C,0.0311563399
YPR018W,0.1119243931
YPR027C,0.8103085766
YPR034W,0.0277416527
YPR035W,0.4832245995
YPR036W,0.1895152564
YPR040W,0.0501755375
YPR045C,0.0078767342
YPR051W,0.0056399575
YPR052C,0.0026892596
YPR061C,0.0085053252
YPR062W,0.0035166909
YPR069C,0.0140837938
YPR071W,3.8820417128
YPR094W,0.0123918869
YPR095C,0.0333817919
YPR102C,0.224885387
YPR106W,0.0169610766
YPR108W,0.1616166673
YPR109W,0.0305439292
YPR131C,0.0143372909
YPR132W,0.0116291857
YPR153W,0.0807544977
YPR156C,0.0635837083
YPR164W,0.0121753094
YPR183W,0.0114171571
YPR185W,0.0058670541
YPR186C,0.0668401
YPR187W,0.0301023408
YPR189W,0.1439437099
YPR196W,0.0190312511
YPR200C,0.3949859402
YPR203W,0.0123862628
